#model_version:v2025.03.14,score_date:2026-09-29T00:00:00Z
cve,epss,percentile
CVE-2021-44228,0.944,0.9995
CVE-2023-34362,0.93,0.999
CVE-2021-34527,0.968,0.9999
CVE-2023-4966,0.9,0.998
CVE-2024-3400,0.95,0.9995
CVE-2022-26134,0.944,0.9993
CVE-2020-1472,0.93,0.999
CVE-2021-26855,0.97,0.9999
CVE-2019-1000,0.02314,0.37832
CVE-2019-1001,0.01112,0.18457
CVE-2019-1002,0.02510,0.56437
CVE-2019-1003,0.03219,0.49313
CVE-2019-1004,0.00249,0.42441
CVE-2019-1005,0.04999,0.28016
CVE-2019-1006,0.04340,0.35056
CVE-2019-1007,0.00134,0.02393
CVE-2019-1008,0.04331,0.10642
CVE-2019-1009,0.02665,0.04600
CVE-2019-1010,0.01879,0.19333
CVE-2019-1011,0.04213,0.46960
CVE-2019-1012,0.04676,0.53852
CVE-2019-1013,0.01215,0.00411
CVE-2019-1014,0.01393,0.58684
CVE-2019-1015,0.02560,0.32693
CVE-2019-1016,0.01013,0.46373
CVE-2019-1017,0.02661,0.09869
CVE-2019-1018,0.01345,0.20967
CVE-2019-1019,0.02776,0.31697
CVE-2019-1020,0.00730,0.10812
CVE-2019-1021,0.00172,0.23665
CVE-2019-1022,0.02466,0.38710
CVE-2019-1023,0.02664,0.15935
CVE-2019-1024,0.00062,0.19634
CVE-2019-1025,0.03670,0.20578
CVE-2019-1026,0.01321,0.56988
CVE-2019-1027,0.00334,0.21777
CVE-2019-1028,0.03088,0.15145
CVE-2019-1029,0.04191,0.49050
CVE-2019-1030,0.01599,0.38078
CVE-2019-1031,0.04719,0.33072
CVE-2019-1032,0.01486,0.41387
CVE-2019-1033,0.04397,0.05426
CVE-2019-1034,0.00199,0.09993
CVE-2019-1035,0.01365,0.23509
CVE-2019-1036,0.03483,0.02109
CVE-2019-1037,0.04041,0.54085
CVE-2019-1038,0.00369,0.19771
CVE-2019-1039,0.00066,0.02691
