latitude,longitude,bright_ti4,scan,track,acq_date,acq_time,satellite,instrument,confidence,version,bright_ti5,frp,daynight
17.72698,83.32658,329.4,0.4,0.4,2026-09-18,1510,N,VIIRS,l,2.0NRT,285.3,13.3,N
19.13032,72.87799,334.5,0.4,0.4,2026-09-23,1830,N,VIIRS,n,2.0NRT,293.4,22.0,N
28.58921,77.18468,350.6,0.4,0.4,2026-09-06,1338,N,VIIRS,n,2.0NRT,283.5,16.6,D
28.85048,77.15549,357.9,0.4,0.4,2026-09-28,0239,N,VIIRS,n,2.0NRT,297.2,2.8,D
19.06755,72.82690,319.8,0.4,0.4,2026-09-07,1525,N,VIIRS,l,2.0NRT,287.7,27.1,D
17.82104,83.36159,335.5,0.4,0.4,2026-09-24,0250,N,VIIRS,n,2.0NRT,280.2,19.2,N
17.67311,83.44641,303.1,0.4,0.4,2026-09-03,0948,N,VIIRS,h,2.0NRT,281.9,23.7,D
22.59689,88.44148,347.6,0.4,0.4,2026-09-15,0526,N,VIIRS,l,2.0NRT,289.3,17.2,D
22.57687,88.40011,354.5,0.4,0.4,2026-09-21,1905,N,VIIRS,h,2.0NRT,284.7,22.2,N
22.50705,88.31764,355.0,0.4,0.4,2026-09-21,0957,N,VIIRS,h,2.0NRT,280.9,7.1,D
17.88480,83.37798,326.0,0.4,0.4,2026-09-17,1101,N,VIIRS,h,2.0NRT,292.6,2.0,N
22.57341,88.27824,308.7,0.4,0.4,2026-09-06,0102,N,VIIRS,n,2.0NRT,292.6,28.7,N
22.67371,88.33752,343.5,0.4,0.4,2026-09-18,0912,N,VIIRS,n,2.0NRT,287.7,27.3,D
28.48506,77.15418,344.5,0.4,0.4,2026-09-07,1752,N,VIIRS,n,2.0NRT,299.9,2.3,N
19.10442,72.85256,307.0,0.4,0.4,2026-09-06,1935,N,VIIRS,h,2.0NRT,299.8,5.2,N
22.64891,88.35519,321.4,0.4,0.4,2026-09-05,0322,N,VIIRS,l,2.0NRT,285.8,9.0,D
22.56944,88.35089,310.6,0.4,0.4,2026-09-11,0635,N,VIIRS,n,2.0NRT,285.2,21.5,N
17.63228,83.25007,334.9,0.4,0.4,2026-09-12,1547,N,VIIRS,l,2.0NRT,298.9,25.4,D
22.45814,88.38751,319.3,0.4,0.4,2026-09-05,1411,N,VIIRS,n,2.0NRT,292.5,21.0,N
17.77699,83.42648,327.1,0.4,0.4,2026-09-04,1723,N,VIIRS,n,2.0NRT,284.8,20.8,N
28.52457,77.15768,339.2,0.4,0.4,2026-09-20,2235,N,VIIRS,l,2.0NRT,284.7,26.6,D
17.62986,83.24371,306.6,0.4,0.4,2026-09-09,2323,N,VIIRS,h,2.0NRT,283.3,18.1,N
22.67025,88.23264,347.9,0.4,0.4,2026-09-05,0133,N,VIIRS,n,2.0NRT,296.3,4.0,D
28.57583,77.21336,314.1,0.4,0.4,2026-09-26,1211,N,VIIRS,n,2.0NRT,297.7,29.4,D
22.63736,88.22803,332.6,0.4,0.4,2026-09-13,1659,N,VIIRS,n,2.0NRT,296.9,1.6,N
19.00580,72.84756,309.7,0.4,0.4,2026-09-22,1315,N,VIIRS,n,2.0NRT,280.1,24.5,N
28.66556,77.23698,311.7,0.4,0.4,2026-09-09,2321,N,VIIRS,n,2.0NRT,299.5,4.6,D
19.12464,72.86081,315.2,0.4,0.4,2026-09-23,2307,N,VIIRS,n,2.0NRT,288.2,10.5,N
28.67520,77.22290,335.5,0.4,0.4,2026-09-18,0049,N,VIIRS,h,2.0NRT,297.9,21.0,N
28.61396,77.24570,307.2,0.4,0.4,2026-09-22,0538,N,VIIRS,n,2.0NRT,292.2,23.5,N
28.59897,77.24342,333.6,0.4,0.4,2026-09-23,2237,N,VIIRS,l,2.0NRT,298.0,11.5,D
22.45604,88.56181,352.6,0.4,0.4,2026-09-09,0644,N,VIIRS,l,2.0NRT,285.3,5.4,N
22.62172,88.30875,320.2,0.4,0.4,2026-09-09,1705,N,VIIRS,l,2.0NRT,291.4,21.4,N
22.52598,88.21445,350.1,0.4,0.4,2026-09-21,0232,N,VIIRS,h,2.0NRT,296.6,8.7,D
22.50962,88.26046,303.3,0.4,0.4,2026-09-09,1301,N,VIIRS,l,2.0NRT,281.4,19.8,D
17.57376,83.27187,303.5,0.4,0.4,2026-09-28,0937,N,VIIRS,n,2.0NRT,280.8,18.5,D
18.89445,72.97413,314.4,0.4,0.4,2026-09-25,1102,N,VIIRS,n,2.0NRT,283.6,22.0,N
17.70349,83.24467,316.9,0.4,0.4,2026-09-20,0356,N,VIIRS,h,2.0NRT,292.4,10.1,D
28.52507,77.18231,348.1,0.4,0.4,2026-09-28,1811,N,VIIRS,l,2.0NRT,289.9,28.6,N
22.72552,88.34243,313.0,0.4,0.4,2026-09-23,1517,N,VIIRS,n,2.0NRT,282.3,7.2,N
19.08764,72.85364,314.8,0.4,0.4,2026-09-16,1447,N,VIIRS,n,2.0NRT,283.3,8.8,D
22.49123,88.39672,357.4,0.4,0.4,2026-09-26,1027,N,VIIRS,n,2.0NRT,281.1,20.8,D
19.02153,72.88312,353.4,0.4,0.4,2026-09-20,0535,N,VIIRS,n,2.0NRT,290.7,0.7,D
17.74742,83.25539,346.9,0.4,0.4,2026-09-18,1027,N,VIIRS,l,2.0NRT,288.6,11.3,D
17.84550,83.30794,311.9,0.4,0.4,2026-09-14,1712,N,VIIRS,h,2.0NRT,285.9,20.7,D
28.64702,77.18792,302.0,0.4,0.4,2026-09-22,1441,N,VIIRS,l,2.0NRT,288.8,28.3,D
28.60542,77.27611,342.2,0.4,0.4,2026-09-14,2242,N,VIIRS,l,2.0NRT,287.0,2.4,N
17.57018,83.30303,358.3,0.4,0.4,2026-09-05,1811,N,VIIRS,l,2.0NRT,298.0,8.6,D
28.54215,77.16562,317.1,0.4,0.4,2026-09-24,0414,N,VIIRS,h,2.0NRT,292.7,24.2,N
28.66761,77.21069,332.0,0.4,0.4,2026-09-15,0112,N,VIIRS,n,2.0NRT,280.3,23.7,N
19.05236,72.91451,302.0,0.4,0.4,2026-09-14,1527,N,VIIRS,l,2.0NRT,296.4,22.9,D
28.57497,77.22554,325.2,0.4,0.4,2026-09-03,1610,N,VIIRS,n,2.0NRT,292.8,20.9,D
22.45627,88.47386,302.2,0.4,0.4,2026-09-19,0019,N,VIIRS,n,2.0NRT,287.0,27.9,N
17.77896,83.21857,305.0,0.4,0.4,2026-09-13,1537,N,VIIRS,n,2.0NRT,283.3,26.3,N
22.58478,88.27707,301.8,0.4,0.4,2026-09-21,2258,N,VIIRS,n,2.0NRT,295.0,12.7,N
17.70156,83.30156,359.4,0.4,0.4,2026-09-17,0623,N,VIIRS,l,2.0NRT,299.0,8.4,N
22.53235,88.29312,337.9,0.4,0.4,2026-09-09,0610,N,VIIRS,l,2.0NRT,296.4,18.9,N
28.52526,77.13877,311.3,0.4,0.4,2026-09-11,1925,N,VIIRS,h,2.0NRT,286.5,18.1,N
17.68018,83.26739,317.0,0.4,0.4,2026-09-28,2041,N,VIIRS,n,2.0NRT,296.2,21.7,D
28.62233,77.11611,332.7,0.4,0.4,2026-09-03,0453,N,VIIRS,h,2.0NRT,291.3,16.4,N
18.98486,72.96275,344.1,0.4,0.4,2026-09-15,1112,N,VIIRS,n,2.0NRT,284.7,12.2,N
17.62905,83.14650,313.7,0.4,0.4,2026-09-27,0522,N,VIIRS,n,2.0NRT,295.6,28.3,N
17.67678,83.28373,325.3,0.4,0.4,2026-09-19,0512,N,VIIRS,l,2.0NRT,292.9,9.6,N
19.10271,73.02073,341.1,0.4,0.4,2026-09-28,0359,N,VIIRS,h,2.0NRT,293.2,10.9,D
19.08659,72.89400,309.1,0.4,0.4,2026-09-28,0404,N,VIIRS,l,2.0NRT,292.2,27.7,D
17.67260,83.22867,327.8,0.4,0.4,2026-09-20,0510,N,VIIRS,l,2.0NRT,297.1,14.5,N
17.60786,83.44520,317.5,0.4,0.4,2026-09-25,0542,N,VIIRS,l,2.0NRT,287.4,4.1,D
17.75840,83.52034,324.4,0.4,0.4,2026-09-26,1310,N,VIIRS,n,2.0NRT,284.2,8.4,N
28.57887,77.10239,350.2,0.4,0.4,2026-09-24,2028,N,VIIRS,l,2.0NRT,288.1,12.1,D
17.70364,83.27683,326.5,0.4,0.4,2026-09-13,0441,N,VIIRS,h,2.0NRT,281.4,6.2,D
22.63512,88.43781,335.0,0.4,0.4,2026-09-23,1407,N,VIIRS,n,2.0NRT,286.1,8.8,D
18.97680,72.72046,356.5,0.4,0.4,2026-09-15,1533,N,VIIRS,n,2.0NRT,294.4,2.8,D
22.65403,88.51303,335.8,0.4,0.4,2026-09-16,2135,N,VIIRS,h,2.0NRT,293.7,23.5,N
19.14837,72.86445,318.1,0.4,0.4,2026-09-16,2021,N,VIIRS,l,2.0NRT,280.3,18.9,D
28.66767,77.14198,335.7,0.4,0.4,2026-09-21,1129,N,VIIRS,n,2.0NRT,289.7,10.6,D
18.89970,72.77859,355.0,0.4,0.4,2026-09-27,0929,N,VIIRS,n,2.0NRT,297.4,8.8,D
19.14318,72.96207,305.7,0.4,0.4,2026-09-19,1231,N,VIIRS,l,2.0NRT,285.7,2.0,N
28.60738,77.09413,353.8,0.4,0.4,2026-09-23,1040,N,VIIRS,h,2.0NRT,285.4,15.0,D
22.48507,88.34266,353.8,0.4,0.4,2026-09-17,0257,N,VIIRS,n,2.0NRT,287.6,22.6,D
17.70783,83.26853,323.2,0.4,0.4,2026-09-14,2019,N,VIIRS,l,2.0NRT,281.5,15.8,N
17.76531,83.26606,327.0,0.4,0.4,2026-09-22,1659,N,VIIRS,n,2.0NRT,290.7,8.1,D
19.13685,72.99827,358.6,0.4,0.4,2026-09-26,0307,N,VIIRS,l,2.0NRT,291.8,15.4,N
28.60215,77.12634,309.9,0.4,0.4,2026-09-16,0317,N,VIIRS,h,2.0NRT,293.0,18.6,D
17.66508,83.33182,330.2,0.4,0.4,2026-09-08,0045,N,VIIRS,n,2.0NRT,300.0,18.8,D
17.82579,83.32232,350.5,0.4,0.4,2026-09-28,1320,N,VIIRS,n,2.0NRT,285.5,7.3,D
17.67602,83.25183,313.3,0.4,0.4,2026-09-14,0046,N,VIIRS,l,2.0NRT,282.7,24.6,D
22.53109,88.19688,359.8,0.4,0.4,2026-09-26,0102,N,VIIRS,n,2.0NRT,292.6,23.6,D
28.75799,77.14490,338.5,0.4,0.4,2026-09-09,1819,N,VIIRS,n,2.0NRT,283.5,12.7,N
18.91828,72.82894,354.0,0.4,0.4,2026-09-21,1701,N,VIIRS,n,2.0NRT,287.0,10.4,D
28.70382,77.17945,345.4,0.4,0.4,2026-09-24,1909,N,VIIRS,h,2.0NRT,292.9,9.1,N
28.52527,77.15036,347.5,0.4,0.4,2026-09-03,0958,N,VIIRS,h,2.0NRT,294.4,19.5,N
17.71891,83.41456,336.2,0.4,0.4,2026-09-03,0945,N,VIIRS,n,2.0NRT,295.9,3.5,N
18.95477,72.95496,355.4,0.4,0.4,2026-09-13,0122,N,VIIRS,n,2.0NRT,294.6,24.5,D
17.68670,83.25582,317.1,0.4,0.4,2026-09-28,0817,N,VIIRS,h,2.0NRT,283.2,18.6,N
28.66499,77.24582,312.0,0.4,0.4,2026-09-15,0055,N,VIIRS,h,2.0NRT,298.4,15.4,N
19.14015,72.72541,357.5,0.4,0.4,2026-09-04,2035,N,VIIRS,n,2.0NRT,283.5,2.8,D
22.57673,88.46058,305.8,0.4,0.4,2026-09-28,0713,N,VIIRS,n,2.0NRT,287.2,10.3,D
22.51885,88.43777,318.4,0.4,0.4,2026-09-10,1039,N,VIIRS,n,2.0NRT,294.5,8.5,N
22.54826,88.41513,317.6,0.4,0.4,2026-09-25,0938,N,VIIRS,n,2.0NRT,284.5,28.5,D
28.60306,77.19257,337.5,0.4,0.4,2026-09-05,1453,N,VIIRS,n,2.0NRT,292.9,1.1,N
19.00120,72.75815,308.9,0.4,0.4,2026-09-08,0124,N,VIIRS,l,2.0NRT,293.9,9.8,N
22.54116,88.45190,337.1,0.4,0.4,2026-09-25,0454,N,VIIRS,l,2.0NRT,296.5,22.6,N
22.49021,88.54614,328.6,0.4,0.4,2026-09-22,0608,N,VIIRS,l,2.0NRT,299.9,12.3,D
28.54641,77.12839,322.0,0.4,0.4,2026-09-28,1901,N,VIIRS,n,2.0NRT,296.3,12.3,D
28.59063,77.37812,355.3,0.4,0.4,2026-09-24,0523,N,VIIRS,h,2.0NRT,283.2,6.6,D
28.68477,77.19610,309.8,0.4,0.4,2026-09-18,0046,N,VIIRS,n,2.0NRT,282.8,4.6,D
22.63425,88.35866,359.5,0.4,0.4,2026-09-18,0219,N,VIIRS,n,2.0NRT,288.8,28.1,D
19.05775,72.81537,358.2,0.4,0.4,2026-09-09,1117,N,VIIRS,l,2.0NRT,284.2,12.1,D
22.48199,88.27994,323.7,0.4,0.4,2026-09-07,0950,N,VIIRS,n,2.0NRT,291.6,1.4,N
28.65496,77.26030,305.3,0.4,0.4,2026-09-07,2320,N,VIIRS,n,2.0NRT,296.4,7.3,N
22.55605,88.37205,354.0,0.4,0.4,2026-09-09,0947,N,VIIRS,n,2.0NRT,283.0,18.7,D
22.49702,88.28753,313.5,0.4,0.4,2026-09-18,1602,N,VIIRS,n,2.0NRT,281.2,10.0,D
28.66759,77.08804,314.7,0.4,0.4,2026-09-19,1438,N,VIIRS,l,2.0NRT,294.8,6.3,N
22.61995,88.23873,309.7,0.4,0.4,2026-09-05,0625,N,VIIRS,n,2.0NRT,288.8,22.9,N
17.63667,83.39275,308.7,0.4,0.4,2026-09-13,0457,N,VIIRS,n,2.0NRT,286.1,24.8,N
22.52787,88.37567,356.7,0.4,0.4,2026-09-13,2319,N,VIIRS,l,2.0NRT,288.5,0.9,N
19.05889,72.99171,305.6,0.4,0.4,2026-09-14,0839,N,VIIRS,n,2.0NRT,294.7,21.7,D
18.99676,72.83452,335.4,0.4,0.4,2026-09-07,1935,N,VIIRS,l,2.0NRT,296.3,10.7,D
28.57596,77.21091,331.9,0.4,0.4,2026-09-27,1526,N,VIIRS,l,2.0NRT,296.2,16.8,N
17.77703,83.44023,347.6,0.4,0.4,2026-09-21,0315,N,VIIRS,n,2.0NRT,286.1,27.2,N
