900001	20260409					ACTOR1										GROUP6												14		-1.2	12	6		-1.23																		Alpha (synthetic)	IN			17.7258	83.2630		20260409011313	https://example.org/fixture/900001
900002	20260410					ACTOR9										GROUP3												14		-5.0	20	4		-4.43																		Alpha (synthetic)	IN			17.7420	83.2624		20260410202532	https://example.org/fixture/900002
900003	20260412					ACTOR5										GROUP9												14		-0.6	19	2		-4.28																		Alpha (synthetic)	IN			17.7963	83.2757		20260412105536	https://example.org/fixture/900003
900004	20260413					ACTOR3										GROUP6												14		-8.4	12	2		-3.41																		Beta (synthetic)	IN			19.1623	72.9323		20260413035433	https://example.org/fixture/900004
900005	20260416					ACTOR4										GROUP3												14		-7.7	24	1		-3.87																		Alpha (synthetic)	IN			17.6570	83.2499		20260416071407	https://example.org/fixture/900005
900006	20260417					ACTOR2										GROUP2												14		-3.7	16	6		-0.60																		Alpha (synthetic)	IN			17.7981	83.2701		20260417071748	https://example.org/fixture/900006
900007	20260414					ACTOR9										GROUP2												14		-2.6	14	7		-3.50																		Alpha (synthetic)	IN			17.6002	83.3317		20260414154640	https://example.org/fixture/900007
900008	20260419					ACTOR7										GROUP3												14		-6.5	25	3		0.49																		Alpha (synthetic)	IN			17.7148	83.2553		20260419105441	https://example.org/fixture/900008
900009	20260414					ACTOR3										GROUP9												14		-0.6	17	7		-2.02																		Beta (synthetic)	IN			19.0901	72.8977		20260414182157	https://example.org/fixture/900009
900010	20260418					ACTOR9										GROUP4												15		-5.3	11	4		-4.92																		Beta (synthetic)	IN			19.0791	72.9507		20260418122043	https://example.org/fixture/900010
900011	20260415					ACTOR8										GROUP8												14		-0.8	30	4		-3.29																		Gamma (synthetic)	IN			28.6400	77.1861		20260415043851	https://example.org/fixture/900011
900012	20260418					ACTOR7										GROUP9												14		-4.3	25	6		-5.12																		Gamma (synthetic)	IN			28.6325	77.2039		20260418080915	https://example.org/fixture/900012
900013	20260420					ACTOR2										GROUP4												17		-3.0	21	4		-6.70																		Gamma (synthetic)	IN			28.6618	77.1067		20260420001342	https://example.org/fixture/900013
900014	20260414					ACTOR7										GROUP4												17		-2.3	2	3		-1.29																		Gamma (synthetic)	IN			28.4922	77.1677		20260414171332	https://example.org/fixture/900014
900015	20260424					ACTOR9										GROUP4												14		-3.0	30	1		-5.09																		Alpha (synthetic)	IN			17.6965	83.3888		20260424084807	https://example.org/fixture/900015
900016	20260423					ACTOR8										GROUP6												14		-7.8	30	8		-0.90																		Alpha (synthetic)	IN			17.7133	83.3560		20260423022339	https://example.org/fixture/900016
900017	20260421					ACTOR3										GROUP4												14		-6.1	25	3		-0.18																		Alpha (synthetic)	IN			17.7401	83.2454		20260421220421	https://example.org/fixture/900017
900018	20260424					ACTOR9										GROUP2												18		-6.8	11	5		-6.82																		Alpha (synthetic)	IN			17.6365	83.3704		20260424223229	https://example.org/fixture/900018
900019	20260425					ACTOR9										GROUP2												19		-1.2	24	2		-6.43																		Alpha (synthetic)	IN			17.6361	83.3068		20260425171527	https://example.org/fixture/900019
900020	20260420					ACTOR2										GROUP2												14		-2.7	23	1		-2.71																		Gamma (synthetic)	IN			28.5371	77.2359		20260420134339	https://example.org/fixture/900020
900021	20260424					ACTOR8										GROUP1												14		-2.5	2	2		-5.79																		Gamma (synthetic)	IN			28.6029	77.1949		20260424133331	https://example.org/fixture/900021
900022	20260424					ACTOR9										GROUP2												14		-8.6	24	1		-0.77																		Gamma (synthetic)	IN			28.5653	77.2099		20260424214300	https://example.org/fixture/900022
900023	20260424					ACTOR2										GROUP4												14		-7.7	11	6		-4.45																		Delta (synthetic)	IN			22.5692	88.3978		20260424054823	https://example.org/fixture/900023
900024	20260428					ACTOR2										GROUP2												14		-1.6	16	1		-6.58																		Alpha (synthetic)	IN			17.7702	83.2845		20260428170410	https://example.org/fixture/900024
900025	20260428					ACTOR9										GROUP2												14		-2.2	20	2		-4.28																		Alpha (synthetic)	IN			17.7057	83.2140		20260428144232	https://example.org/fixture/900025
900026	20260428					ACTOR9										GROUP7												19		-3.5	21	2		-5.92																		Alpha (synthetic)	IN			17.6606	83.2812		20260428193813	https://example.org/fixture/900026
900027	20260502					ACTOR3										GROUP1												14		-5.0	9	5		-2.90																		Gamma (synthetic)	IN			28.6633	77.2831		20260502114655	https://example.org/fixture/900027
900028	20260505					ACTOR1										GROUP5												14		-3.1	23	6		-4.24																		Alpha (synthetic)	IN			17.7242	83.3438		20260505191040	https://example.org/fixture/900028
900029	20260510					ACTOR8										GROUP4												14		-0.7	20	8		0.37																		Beta (synthetic)	IN			18.9543	72.9225		20260510153443	https://example.org/fixture/900029
900030	20260505					ACTOR9										GROUP3												17		-5.7	22	6		-6.20																		Gamma (synthetic)	IN			28.5814	77.1463		20260505163324	https://example.org/fixture/900030
900031	20260512					ACTOR1										GROUP3												14		-0.6	8	1		-7.09																		Alpha (synthetic)	IN			17.7002	83.3511		20260512070529	https://example.org/fixture/900031
900032	20260516					ACTOR3										GROUP8												14		-3.9	10	2		-2.28																		Alpha (synthetic)	IN			17.6402	83.2655		20260516130704	https://example.org/fixture/900032
900033	20260513					ACTOR8										GROUP7												14		1.4	12	1		-2.94																		Alpha (synthetic)	IN			17.6912	83.3176		20260513061049	https://example.org/fixture/900033
900034	20260514					ACTOR4										GROUP3												14		-4.4	10	5		-5.30																		Alpha (synthetic)	IN			17.7212	83.3071		20260514102152	https://example.org/fixture/900034
900035	20260515					ACTOR7										GROUP5												14		-2.5	23	3		-0.57																		Alpha (synthetic)	IN			17.5791	83.3239		20260515083225	https://example.org/fixture/900035
900036	20260514					ACTOR9										GROUP5												19		-6.7	16	5		-4.26																		Alpha (synthetic)	IN			17.6765	83.2652		20260514024943	https://example.org/fixture/900036
900037	20260512					ACTOR1										GROUP6												19		-7.9	6	7		-6.24																		Alpha (synthetic)	IN			17.7329	83.2334		20260512031822	https://example.org/fixture/900037
900038	20260522					ACTOR2										GROUP2												14		-6.4	20	2		-3.35																		Alpha (synthetic)	IN			17.6836	83.3542		20260522183735	https://example.org/fixture/900038
900039	20260522					ACTOR4										GROUP8												14		1.9	28	5		-4.58																		Alpha (synthetic)	IN			17.6218	83.3386		20260522124001	https://example.org/fixture/900039
900040	20260524					ACTOR5										GROUP6												18		-6.0	21	2		-0.39																		Alpha (synthetic)	IN			17.7214	83.2797		20260524105045	https://example.org/fixture/900040
900041	20260521					ACTOR8										GROUP8												14		-3.0	2	7		-2.48																		Beta (synthetic)	IN			19.0425	72.8469		20260521143907	https://example.org/fixture/900041
900042	20260524					ACTOR4										GROUP6												14		-3.7	17	1		-3.11																		Gamma (synthetic)	IN			28.5394	77.1889		20260524121454	https://example.org/fixture/900042
900043	20260520					ACTOR6										GROUP5												14		0.3	25	8		-1.03																		Gamma (synthetic)	IN			28.6268	77.1952		20260520033724	https://example.org/fixture/900043
900044	20260519					ACTOR7										GROUP1												14		-1.4	20	5		-4.78																		Gamma (synthetic)	IN			28.6041	77.2683		20260519135536	https://example.org/fixture/900044
900045	20260522					ACTOR3										GROUP1												14		-8.3	29	1		-5.52																		Gamma (synthetic)	IN			28.5738	77.1171		20260522054520	https://example.org/fixture/900045
900046	20260518					ACTOR4										GROUP3												14		-0.1	22	3		-3.60																		Gamma (synthetic)	IN			28.5547	77.2383		20260518101706	https://example.org/fixture/900046
900047	20260527					ACTOR6										GROUP6												14		1.0	6	6		-7.14																		Alpha (synthetic)	IN			17.6606	83.2391		20260527235635	https://example.org/fixture/900047
900048	20260531					ACTOR2										GROUP8												14		-7.8	26	5		-0.72																		Alpha (synthetic)	IN			17.6264	83.2607		20260531134026	https://example.org/fixture/900048
900049	20260525					ACTOR9										GROUP3												14		-3.3	8	8		0.35																		Beta (synthetic)	IN			19.0036	72.8796		20260525052814	https://example.org/fixture/900049
900050	20260530					ACTOR4										GROUP9												14		0.7	1	3		-4.62																		Gamma (synthetic)	IN			28.6631	77.1409		20260530062321	https://example.org/fixture/900050
900051	20260526					ACTOR7										GROUP8												14		-0.6	9	8		-7.18																		Gamma (synthetic)	IN			28.6003	77.3913		20260526141431	https://example.org/fixture/900051
900052	20260606					ACTOR2										GROUP4												14		-5.0	11	8		-3.05																		Alpha (synthetic)	IN			17.7283	83.2630		20260606051137	https://example.org/fixture/900052
900053	20260605					ACTOR1										GROUP7												19		-2.4	14	8		-1.87																		Alpha (synthetic)	IN			17.6979	83.3011		20260605142941	https://example.org/fixture/900053
900054	20260602					ACTOR7										GROUP6												15		-2.6	27	3		0.56																		Beta (synthetic)	IN			19.0184	72.8518		20260602220704	https://example.org/fixture/900054
900055	20260603					ACTOR6										GROUP6												17		0.6	12	6		0.36																		Gamma (synthetic)	IN			28.5680	77.2128		20260603164201	https://example.org/fixture/900055
900056	20260615					ACTOR4										GROUP1												14		-8.1	27	8		-3.28																		Alpha (synthetic)	IN			17.7474	83.2818		20260615052018	https://example.org/fixture/900056
900057	20260611					ACTOR6										GROUP2												14		1.0	20	5		-0.80																		Beta (synthetic)	IN			18.9869	72.8731		20260611233739	https://example.org/fixture/900057
900058	20260610					ACTOR4										GROUP7												14		-5.8	25	5		-1.07																		Beta (synthetic)	IN			19.1367	72.8685		20260610140811	https://example.org/fixture/900058
900059	20260609					ACTOR8										GROUP2												14		-5.6	17	8		-0.69																		Beta (synthetic)	IN			19.1206	72.8453		20260609140533	https://example.org/fixture/900059
900060	20260614					ACTOR9										GROUP6												14		-0.9	20	2		-0.73																		Gamma (synthetic)	IN			28.6034	77.1844		20260614112122	https://example.org/fixture/900060
900061	20260617					ACTOR4										GROUP7												14		-8.6	3	3		-4.64																		Alpha (synthetic)	IN			17.6763	83.2558		20260617090637	https://example.org/fixture/900061
900062	20260616					ACTOR1										GROUP9												14		1.6	28	5		-5.13																		Alpha (synthetic)	IN			17.6575	83.2400		20260616003258	https://example.org/fixture/900062
900063	20260621					ACTOR3										GROUP1												14		-6.7	12	1		-3.50																		Alpha (synthetic)	IN			17.7425	83.3797		20260621092703	https://example.org/fixture/900063
900064	20260621					ACTOR7										GROUP5												18		-3.7	29	8		-2.95																		Alpha (synthetic)	IN			17.6703	83.2537		20260621111152	https://example.org/fixture/900064
900065	20260617					ACTOR1										GROUP6												14		-6.2	24	8		-0.06																		Beta (synthetic)	IN			19.1520	72.9015		20260617114522	https://example.org/fixture/900065
900066	20260616					ACTOR2										GROUP7												14		-5.3	19	4		-3.05																		Gamma (synthetic)	IN			28.6101	77.2873		20260616171017	https://example.org/fixture/900066
900067	20260624					ACTOR7										GROUP8												14		-1.7	21	7		-4.37																		Alpha (synthetic)	IN			17.7129	83.2936		20260624151211	https://example.org/fixture/900067
900068	20260627					ACTOR2										GROUP2												14		-2.3	8	7		0.21																		Gamma (synthetic)	IN			28.6371	77.3384		20260627045140	https://example.org/fixture/900068
900069	20260624					ACTOR3										GROUP2												14		-8.0	22	1		-7.16																		Gamma (synthetic)	IN			28.5421	77.1327		20260624045150	https://example.org/fixture/900069
900070	20260624					ACTOR8										GROUP9												14		-6.7	26	6		-7.22																		Gamma (synthetic)	IN			28.5984	77.2335		20260624004223	https://example.org/fixture/900070
900071	20260705					ACTOR5										GROUP4												14		-3.4	3	6		-7.57																		Alpha (synthetic)	IN			17.6357	83.2157		20260705184612	https://example.org/fixture/900071
900072	20260705					ACTOR8										GROUP6												14		-5.8	21	4		-7.44																		Alpha (synthetic)	IN			17.7187	83.2914		20260705003434	https://example.org/fixture/900072
900073	20260704					ACTOR1										GROUP2												14		-0.6	29	4		-3.01																		Alpha (synthetic)	IN			17.7161	83.3198		20260704144108	https://example.org/fixture/900073
900074	20260630					ACTOR8										GROUP4												19		-1.6	20	5		-4.54																		Alpha (synthetic)	IN			17.6886	83.3132		20260630013821	https://example.org/fixture/900074
900075	20260705					ACTOR1										GROUP4												14		-1.8	11	6		-0.84																		Gamma (synthetic)	IN			28.6301	77.1966		20260705111833	https://example.org/fixture/900075
900076	20260702					ACTOR7										GROUP2												14		0.5	1	3		-4.38																		Gamma (synthetic)	IN			28.6957	77.2059		20260702132304	https://example.org/fixture/900076
900077	20260704					ACTOR2										GROUP9												17		-8.4	13	5		-6.90																		Gamma (synthetic)	IN			28.6071	77.1834		20260704220025	https://example.org/fixture/900077
900078	20260708					ACTOR8										GROUP7												14		-5.4	1	2		-1.38																		Alpha (synthetic)	IN			17.7287	83.3256		20260708110355	https://example.org/fixture/900078
900079	20260712					ACTOR2										GROUP8												19		0.3	14	8		-6.59																		Alpha (synthetic)	IN			17.6522	83.2736		20260712213405	https://example.org/fixture/900079
900080	20260707					ACTOR3										GROUP3												14		-0.2	4	2		-3.61																		Beta (synthetic)	IN			19.0439	72.8561		20260707005551	https://example.org/fixture/900080
900081	20260707					ACTOR1										GROUP4												14		-8.1	16	7		0.50																		Gamma (synthetic)	IN			28.5057	77.2288		20260707000805	https://example.org/fixture/900081
900082	20260711					ACTOR4										GROUP9												14		-5.4	27	5		-2.29																		Gamma (synthetic)	IN			28.6344	77.2671		20260711163434	https://example.org/fixture/900082
900083	20260710					ACTOR4										GROUP8												14		-3.6	14	7		-0.05																		Delta (synthetic)	IN			22.5008	88.2817		20260710223945	https://example.org/fixture/900083
900084	20260715					ACTOR2										GROUP7												14		-0.9	21	2		-0.35																		Alpha (synthetic)	IN			17.7122	83.3624		20260715072132	https://example.org/fixture/900084
900085	20260717					ACTOR5										GROUP8												14		0.4	7	6		-2.09																		Alpha (synthetic)	IN			17.6895	83.3922		20260717082348	https://example.org/fixture/900085
900086	20260718					ACTOR5										GROUP7												14		-8.1	8	5		-2.83																		Alpha (synthetic)	IN			17.6368	83.2609		20260718115052	https://example.org/fixture/900086
900087	20260713					ACTOR5										GROUP1												14		-0.6	25	7		-1.07																		Beta (synthetic)	IN			19.0388	72.8946		20260713112720	https://example.org/fixture/900087
900088	20260718					ACTOR1										GROUP3												14		-5.1	23	2		-2.80																		Delta (synthetic)	IN			22.6163	88.3456		20260718153426	https://example.org/fixture/900088
900089	20260722					ACTOR4										GROUP1												14		-1.2	7	1		-3.07																		Alpha (synthetic)	IN			17.7274	83.2871		20260722180307	https://example.org/fixture/900089
900090	20260726					ACTOR7										GROUP7												14		-5.6	17	3		-3.01																		Alpha (synthetic)	IN			17.6767	83.2935		20260726132618	https://example.org/fixture/900090
900091	20260721					ACTOR3										GROUP9												14		-3.7	18	7		-4.11																		Gamma (synthetic)	IN			28.6637	77.2487		20260721071618	https://example.org/fixture/900091
900092	20260723					ACTOR8										GROUP1												17		-3.6	19	1		-6.14																		Gamma (synthetic)	IN			28.5915	77.2875		20260723235759	https://example.org/fixture/900092
900093	20260722					ACTOR3										GROUP3												14		-0.8	13	8		-3.43																		Delta (synthetic)	IN			22.4808	88.4322		20260722193946	https://example.org/fixture/900093
900094	20260802					ACTOR2										GROUP7												14		-7.9	24	7		-1.96																		Alpha (synthetic)	IN			17.6919	83.3125		20260802175048	https://example.org/fixture/900094
900095	20260730					ACTOR3										GROUP4												14		-1.6	29	4		-6.85																		Alpha (synthetic)	IN			17.7508	83.2828		20260730045424	https://example.org/fixture/900095
900096	20260730					ACTOR6										GROUP2												14		-2.1	21	6		-7.69																		Alpha (synthetic)	IN			17.7262	83.3247		20260730123013	https://example.org/fixture/900096
900097	20260729					ACTOR9										GROUP3												14		-3.8	20	2		-5.22																		Gamma (synthetic)	IN			28.5186	77.2450		20260729141241	https://example.org/fixture/900097
900098	20260809					ACTOR5										GROUP5												14		-6.5	22	6		-3.44																		Alpha (synthetic)	IN			17.6473	83.3135		20260809233354	https://example.org/fixture/900098
900099	20260810					ACTOR2										GROUP5												14		-6.6	26	7		-7.12																		Alpha (synthetic)	IN			17.7129	83.1821		20260810134841	https://example.org/fixture/900099
900100	20260814					ACTOR6										GROUP7												18		-3.2	7	2		-1.74																		Alpha (synthetic)	IN			17.7873	83.4310		20260814220153	https://example.org/fixture/900100
900101	20260812					ACTOR8										GROUP6												14		-8.6	27	4		-6.29																		Beta (synthetic)	IN			19.0785	72.9084		20260812171325	https://example.org/fixture/900101
900102	20260812					ACTOR9										GROUP3												15		-0.2	9	8		-1.49																		Beta (synthetic)	IN			19.0548	72.8586		20260812183521	https://example.org/fixture/900102
900103	20260816					ACTOR7										GROUP9												14		1.7	19	7		-6.27																		Gamma (synthetic)	IN			28.6114	77.1594		20260816010621	https://example.org/fixture/900103
900104	20260822					ACTOR2										GROUP8												14		-4.0	14	5		-0.17																		Alpha (synthetic)	IN			17.7511	83.2819		20260822094137	https://example.org/fixture/900104
900105	20260821					ACTOR6										GROUP5												14		-8.8	4	1		-1.90																		Alpha (synthetic)	IN			17.6731	83.3614		20260821072247	https://example.org/fixture/900105
900106	20260818					ACTOR2										GROUP4												14		1.8	17	6		-1.60																		Gamma (synthetic)	IN			28.6283	77.3075		20260818160549	https://example.org/fixture/900106
900107	20260821					ACTOR4										GROUP1												14		-7.8	4	1		-6.21																		Gamma (synthetic)	IN			28.6183	77.2269		20260821015445	https://example.org/fixture/900107
900108	20260828					ACTOR2										GROUP2												14		-5.6	27	5		-5.84																		Gamma (synthetic)	IN			28.5768	77.2405		20260828081140	https://example.org/fixture/900108
900109	20260906					ACTOR9										GROUP7												14		0.1	13	3		-1.55																		Alpha (synthetic)	IN			17.6653	83.2604		20260906215833	https://example.org/fixture/900109
900110	20260903					ACTOR5										GROUP3												14		-1.9	7	6		-0.72																		Alpha (synthetic)	IN			17.6786	83.3416		20260903121420	https://example.org/fixture/900110
900111	20260903					ACTOR1										GROUP6												14		-6.3	12	3		0.61																		Alpha (synthetic)	IN			17.7082	83.3129		20260903100131	https://example.org/fixture/900111
900112	20260906					ACTOR8										GROUP1												18		-6.3	18	5		-6.71																		Alpha (synthetic)	IN			17.7008	83.3090		20260906124645	https://example.org/fixture/900112
900113	20260907					ACTOR9										GROUP3												19		-1.5	27	5		-5.54																		Alpha (synthetic)	IN			17.6993	83.2066		20260907013138	https://example.org/fixture/900113
900114	20260903					ACTOR9										GROUP9												14		1.2	7	4		-2.73																		Beta (synthetic)	IN			19.1197	72.9311		20260903124427	https://example.org/fixture/900114
900115	20260902					ACTOR8										GROUP3												14		-4.1	30	8		-6.48																		Gamma (synthetic)	IN			28.6139	77.1519		20260902035336	https://example.org/fixture/900115
900116	20260831					ACTOR9										GROUP3												14		-4.2	2	5		-1.36																		Gamma (synthetic)	IN			28.5812	77.1960		20260831163826	https://example.org/fixture/900116
900117	20260831					ACTOR3										GROUP5												14		-5.7	11	7		-7.74																		Gamma (synthetic)	IN			28.5923	77.2020		20260831052237	https://example.org/fixture/900117
900118	20260907					ACTOR6										GROUP1												17		-7.1	14	3		-1.84																		Gamma (synthetic)	IN			28.6937	77.2443		20260907142731	https://example.org/fixture/900118
900119	20260906					ACTOR5										GROUP8												17		-6.0	11	5		-2.59																		Gamma (synthetic)	IN			28.5305	77.1607		20260906160954	https://example.org/fixture/900119
900120	20260909					ACTOR8										GROUP2												14		-7.8	4	3		-0.78																		Alpha (synthetic)	IN			17.6347	83.3798		20260909124317	https://example.org/fixture/900120
900121	20260911					ACTOR9										GROUP1												19		-5.9	13	4		-2.67																		Alpha (synthetic)	IN			17.6779	83.2119		20260911010730	https://example.org/fixture/900121
900122	20260907					ACTOR3										GROUP5												14		-7.0	10	4		-0.54																		Beta (synthetic)	IN			19.0198	72.8725		20260907165906	https://example.org/fixture/900122
900123	20260910					ACTOR5										GROUP4												14		-8.6	12	7		-6.86																		Gamma (synthetic)	IN			28.7102	77.2379		20260910085914	https://example.org/fixture/900123
900124	20260914					ACTOR1										GROUP6												14		-0.8	30	7		0.87																		Delta (synthetic)	IN			22.6453	88.2965		20260914012904	https://example.org/fixture/900124
900125	20260915					ACTOR5										GROUP2												14		-1.8	1	5		-0.99																		Alpha (synthetic)	IN			17.6660	83.2041		20260915210738	https://example.org/fixture/900125
900126	20260917					ACTOR2										GROUP6												14		1.2	11	1		-2.07																		Alpha (synthetic)	IN			17.6445	83.2857		20260917034958	https://example.org/fixture/900126
900127	20260916					ACTOR5										GROUP8												14		-7.2	23	6		-0.64																		Alpha (synthetic)	IN			17.6733	83.2820		20260916063245	https://example.org/fixture/900127
900128	20260916					ACTOR7										GROUP8												14		-3.9	1	1		-7.01																		Alpha (synthetic)	IN			17.6744	83.3404		20260916204706	https://example.org/fixture/900128
900129	20260920					ACTOR5										GROUP4												14		-1.6	17	8		-4.71																		Alpha (synthetic)	IN			17.7682	83.3604		20260920025901	https://example.org/fixture/900129
900130	20260916					ACTOR5										GROUP4												14		-2.6	19	8		0.90																		Alpha (synthetic)	IN			17.7667	83.3253		20260916094151	https://example.org/fixture/900130
900131	20260921					ACTOR6										GROUP8												14		-1.1	9	1		-4.29																		Alpha (synthetic)	IN			17.7844	83.3030		20260921013445	https://example.org/fixture/900131
900132	20260919					ACTOR7										GROUP1												18		-6.8	16	5		-4.38																		Alpha (synthetic)	IN			17.7647	83.2438		20260919205232	https://example.org/fixture/900132
900133	20260915					ACTOR7										GROUP4												18		-0.4	13	3		-3.71																		Alpha (synthetic)	IN			17.6729	83.3522		20260915040005	https://example.org/fixture/900133
900134	20260916					ACTOR4										GROUP3												14		-2.7	13	3		-0.98																		Beta (synthetic)	IN			19.0356	72.9263		20260916093856	https://example.org/fixture/900134
900135	20260917					ACTOR7										GROUP7												15		-3.4	27	6		-3.62																		Beta (synthetic)	IN			19.1050	72.9224		20260917184009	https://example.org/fixture/900135
900136	20260919					ACTOR4										GROUP5												14		-6.5	22	6		-2.63																		Gamma (synthetic)	IN			28.5475	77.2297		20260919071943	https://example.org/fixture/900136
900137	20260918					ACTOR6										GROUP1												17		-1.1	9	1		-0.40																		Gamma (synthetic)	IN			28.6204	77.2264		20260918113926	https://example.org/fixture/900137
900138	20260925					ACTOR2										GROUP2												14		-5.1	27	7		-5.79																		Alpha (synthetic)	IN			17.7370	83.3615		20260925155731	https://example.org/fixture/900138
900139	20260926					ACTOR7										GROUP7												14		-7.8	17	5		-1.87																		Alpha (synthetic)	IN			17.7280	83.2331		20260926184904	https://example.org/fixture/900139
900140	20260927					ACTOR4										GROUP2												14		-6.1	4	8		-1.67																		Alpha (synthetic)	IN			17.6590	83.3322		20260927012641	https://example.org/fixture/900140
900141	20260922					ACTOR1										GROUP7												14		-2.1	3	4		-3.31																		Alpha (synthetic)	IN			17.7207	83.2845		20260922034756	https://example.org/fixture/900141
900142	20260928					ACTOR7										GROUP1												14		-6.3	2	4		0.01																		Alpha (synthetic)	IN			17.7065	83.2702		20260928080502	https://example.org/fixture/900142
900143	20260923					ACTOR5										GROUP8												14		-0.1	28	1		-2.50																		Alpha (synthetic)	IN			17.7254	83.2917		20260923010745	https://example.org/fixture/900143
900144	20260926					ACTOR7										GROUP7												14		-8.9	10	4		-4.88																		Alpha (synthetic)	IN			17.6902	83.3722		20260926080254	https://example.org/fixture/900144
900145	20260924					ACTOR1										GROUP5												14		1.7	5	1		-3.54																		Alpha (synthetic)	IN			17.7273	83.3328		20260924192512	https://example.org/fixture/900145
900146	20260922					ACTOR7										GROUP8												14		-3.2	24	5		-1.55																		Alpha (synthetic)	IN			17.7106	83.3689		20260922051823	https://example.org/fixture/900146
900147	20260927					ACTOR3										GROUP1												14		-6.4	12	1		-0.64																		Alpha (synthetic)	IN			17.6247	83.2956		20260927141004	https://example.org/fixture/900147
900148	20260928					ACTOR4										GROUP8												14		-7.0	19	4		-0.73																		Alpha (synthetic)	IN			17.6873	83.3001		20260928064907	https://example.org/fixture/900148
900149	20260924					ACTOR7										GROUP1												14		-6.0	25	3		-6.93																		Alpha (synthetic)	IN			17.6662	83.3018		20260924062847	https://example.org/fixture/900149
900150	20260923					ACTOR8										GROUP2												14		-0.1	5	5		-1.81																		Alpha (synthetic)	IN			17.6745	83.3035		20260923014824	https://example.org/fixture/900150
900151	20260922					ACTOR1										GROUP1												14		-5.0	11	5		-0.74																		Alpha (synthetic)	IN			17.6707	83.3460		20260922045809	https://example.org/fixture/900151
900152	20260923					ACTOR9										GROUP5												18		-1.9	16	2		-4.03																		Alpha (synthetic)	IN			17.7193	83.2290		20260923045545	https://example.org/fixture/900152
900153	20260925					ACTOR6										GROUP9												18		1.4	10	2		-6.29																		Alpha (synthetic)	IN			17.7020	83.2947		20260925191002	https://example.org/fixture/900153
900154	20260926					ACTOR3										GROUP9												18		-6.1	19	1		-7.75																		Alpha (synthetic)	IN			17.6911	83.2943		20260926112106	https://example.org/fixture/900154
900155	20260926					ACTOR6										GROUP9												18		-0.1	23	3		-3.65																		Alpha (synthetic)	IN			17.7841	83.2112		20260926231249	https://example.org/fixture/900155
900156	20260926					ACTOR2										GROUP7												18		-8.1	7	8		-7.94																		Alpha (synthetic)	IN			17.7042	83.3248		20260926043148	https://example.org/fixture/900156
900157	20260925					ACTOR9										GROUP8												14		-8.4	14	6		-2.19																		Beta (synthetic)	IN			19.0500	72.8995		20260925065649	https://example.org/fixture/900157
900158	20260922					ACTOR4										GROUP6												14		-5.6	4	1		-4.11																		Gamma (synthetic)	IN			28.6388	77.2214		20260922150856	https://example.org/fixture/900158
900159	20261001					ACTOR9										GROUP6												14		-2.7	29	1		-1.71																		Alpha (synthetic)	IN			17.6539	83.3870		20261001211449	https://example.org/fixture/900159
900160	20261002					ACTOR2										GROUP2												14		-2.6	4	1		-5.32																		Alpha (synthetic)	IN			17.7007	83.2716		20261002225823	https://example.org/fixture/900160
900161	20261003					ACTOR4										GROUP3												14		-1.1	1	8		-1.40																		Alpha (synthetic)	IN			17.7006	83.2901		20261003132346	https://example.org/fixture/900161
900162	20260930					ACTOR3										GROUP8												14		-3.0	17	7		-5.23																		Alpha (synthetic)	IN			17.6965	83.3173		20260930095906	https://example.org/fixture/900162
900163	20261003					ACTOR4										GROUP6												14		-8.7	19	5		-7.16																		Alpha (synthetic)	IN			17.7138	83.2379		20261003195128	https://example.org/fixture/900163
900164	20261003					ACTOR1										GROUP8												14		-6.6	6	1		-1.85																		Alpha (synthetic)	IN			17.6187	83.3112		20261003092942	https://example.org/fixture/900164
900165	20260930					ACTOR7										GROUP5												14		-1.2	23	4		-0.97																		Alpha (synthetic)	IN			17.6052	83.2107		20260930145450	https://example.org/fixture/900165
900166	20261001					ACTOR2										GROUP5												14		1.9	6	2		-4.33																		Alpha (synthetic)	IN			17.6347	83.3635		20261001143712	https://example.org/fixture/900166
900167	20260930					ACTOR4										GROUP4												14		-8.3	15	7		-5.66																		Alpha (synthetic)	IN			17.7329	83.3659		20260930071256	https://example.org/fixture/900167
900168	20261003					ACTOR2										GROUP6												14		-3.3	29	7		-0.48																		Alpha (synthetic)	IN			17.6639	83.3205		20261003165643	https://example.org/fixture/900168
900169	20260929					ACTOR6										GROUP9												14		0.6	22	3		-1.02																		Alpha (synthetic)	IN			17.7151	83.2744		20260929041538	https://example.org/fixture/900169
900170	20261001					ACTOR7										GROUP2												14		-8.8	17	5		0.18																		Alpha (synthetic)	IN			17.7411	83.3138		20261001014631	https://example.org/fixture/900170
900171	20261002					ACTOR1										GROUP6												14		-0.4	9	4		-1.27																		Alpha (synthetic)	IN			17.6363	83.2876		20261002015653	https://example.org/fixture/900171
900172	20260928					ACTOR7										GROUP1												14		-5.5	5	6		-4.70																		Alpha (synthetic)	IN			17.7177	83.2849		20260928234538	https://example.org/fixture/900172
900173	20260929					ACTOR3										GROUP3												18		-1.2	26	1		-7.11																		Alpha (synthetic)	IN			17.7351	83.2817		20260929062429	https://example.org/fixture/900173
900174	20261004					ACTOR6										GROUP3												18		-4.5	10	4		-1.61																		Alpha (synthetic)	IN			17.6577	83.2085		20261004022643	https://example.org/fixture/900174
900175	20260930					ACTOR1										GROUP5												14		-3.8	25	7		-2.78																		Gamma (synthetic)	IN			28.5524	77.1308		20260930072957	https://example.org/fixture/900175
900176	20261003					ACTOR4										GROUP2												14		-3.4	30	2		-4.62																		Gamma (synthetic)	IN			28.6792	77.2477		20261003102957	https://example.org/fixture/900176
900177	20260930					ACTOR3										GROUP1												14		-1.7	4	4		-0.25																		Gamma (synthetic)	IN			28.6302	77.2002		20260930080904	https://example.org/fixture/900177
900178	20260929					ACTOR8										GROUP8												14		-2.3	16	3		-6.25																		Gamma (synthetic)	IN			28.5109	77.2145		20260929104854	https://example.org/fixture/900178
1																												03																												10	10		20260401000000	
short	line
